user_id,name,email,phone,dob,address,kyc_status
usr_7258ec9443,Catherine Richardson,zsantana@example.net,(796)698-1940,2004-08-20,"Unit 6123 Box 4505, DPO AA 58849",VERIFIED
usr_d7cdd17d17,Justin Jensen,harold36@example.com,(237)307-5445,1963-05-12,"5730 Miller Tunnel Apt. 928, Martinezburgh, GU 22979",VERIFIED
usr_f2c1decefd,Nicole Holmes,victor75@example.net,(309)279-1872x170,2001-03-05,"53094 Jennifer Burg, East Andreamouth, CO 22077",VERIFIED
usr_4b9f301ecc,Patricia Simmons,tryan@example.org,869-655-9879x910,1962-08-28,"24134 Tonya Field Apt. 000, New Frank, KY 37800",VERIFIED
usr_af8427f9fb,Melissa Parsons PhD,josephfuller@example.org,+1-953-715-4610x053,1999-04-18,"6065 Hernandez Motorway Suite 426, Lake Kyle, IN 68018",VERIFIED
usr_35fb4b1a90,Katherine Morris,kimmiller@example.com,001-604-882-6454,1947-08-29,"96460 Nelson Isle, Kathrynport, MN 02153",VERIFIED
usr_0a41704fa8,Alicia Stevens,christopherstevens@example.org,685.240.6972,1974-12-21,"786 Lisa Route Suite 931, Smithstad, MS 43728",VERIFIED
usr_d856b15bb2,Kyle Love,eric02@example.com,803.595.9711x16153,1947-02-27,"Unit 3553 Box 5960, DPO AE 81076",VERIFIED
usr_4bdb163f08,Tina Davis,karenroberts@example.org,(233)666-5838x1240,1997-10-14,"816 Andrews Park, Doyleville, IL 45258",VERIFIED
usr_e80ba7edcb,Matthew Fowler,stephaniewiley@example.com,392-812-5563,1969-04-04,"5991 Owens Fort Apt. 205, West Christopher, WY 40534",VERIFIED
usr_c1bf8d456b,Maureen Brown,clarkricky@example.net,880.390.9237,1992-07-14,"374 Stephanie Walk Suite 904, New Tonyaton, MH 87932",VERIFIED
usr_cc0f4a22f4,Shelly Parker,ijackson@example.com,(268)287-4742,1969-03-26,"4564 Matthew Cape Suite 265, West Andreton, MD 81592",VERIFIED
usr_b5837a64f9,Jennifer Smith,john90@example.org,9553630856,1958-05-17,"703 Jenkins Green Apt. 863, North Brian, MN 75211",VERIFIED
usr_36d3eea955,Jennifer Collins,henry01@example.net,(477)446-1728,2008-06-24,"024 Mark Meadows, Sandrachester, MP 79095",VERIFIED
usr_c953149f73,Brooke Gutierrez,michellejackson@example.net,001-554-975-1291x615,1953-11-20,"965 Wood Cove, Lake Garrett, NC 04834",VERIFIED
usr_e491a3a166,Ryan Wolfe,laura71@example.org,(302)433-9928,1970-07-09,"714 Anderson Plains, Stewartstad, PW 58521",VERIFIED
usr_3c4b8a91d3,Alexandria Hernandez,ereeves@example.org,264.889.1667,1977-02-18,"347 John Camp Apt. 913, Mcdonaldhaven, MH 09270",VERIFIED
usr_b707cff8a5,Emily Nichols,patrickerickson@example.net,(742)338-5165,1974-07-14,"60676 Villegas Shores Suite 231, New Isabellastad, WV 74374",VERIFIED
usr_443e75d8c4,Justin Ortiz,josephsnyder@example.org,001-746-576-8037x44744,1976-07-08,"888 Julia Lock, Dustinville, PW 22045",VERIFIED
usr_0c87fc95c4,John Miller,reyestroy@example.org,(386)392-7999x79266,1965-04-22,"303 Morgan Dale, Gomezmouth, RI 55864",VERIFIED
usr_1b5c124f33,Jill Rivers,bryantdebra@example.net,(241)410-2519,1947-04-07,"13511 Brendan Terrace, Juliehaven, UT 03654",VERIFIED
usr_ccbed6df63,Hailey Cox,jean00@example.com,(857)534-8190x8744,1981-02-27,"96784 Larson Club Apt. 408, West Taylor, WA 27040",VERIFIED
usr_1d29539231,Rodney Wu,marcus95@example.net,+1-918-333-7265x1770,2001-10-05,"6999 Cooper Wells, Jordanberg, KY 23477",VERIFIED
usr_9d8ab963c6,Daniel Smith,holmesalvin@example.org,001-755-439-5635x380,1966-07-05,"047 Ann Course Apt. 040, Jonesfort, TX 23484",VERIFIED
usr_2970eca822,Lawrence Pope,natashafuentes@example.net,001-345-397-3088,1945-09-24,"005 Anthony Road, Jonesstad, PW 18906",VERIFIED
usr_174504faff,Aaron Braun,zjohnson@example.org,(737)352-6013,1954-05-26,"53062 Amy Fall Suite 461, Davismouth, FM 85360",VERIFIED
usr_e4478009be,Gloria Wallace,misty44@example.org,+1-893-408-5150,1990-05-11,"9665 Susan Forks, Charlotteburgh, NJ 17844",VERIFIED
usr_c0691f6af7,Dawn Black,paulkelley@example.net,001-568-291-8015x0128,1953-09-27,"616 Jones Vista, Bethview, WV 40202",VERIFIED
usr_849d8f3a0b,John Smith,galvarado@example.com,001-343-633-6108x8564,1972-12-20,"7413 Cain River, Christopherville, AS 77997",VERIFIED
usr_b2f157ce38,Christopher Ryan,aaronwise@example.com,(464)670-0970x9326,1969-11-12,"96004 Park Estates Apt. 647, Port Jenniferview, CO 75330",VERIFIED
usr_3bab87ec35,James Rowland,thomas84@example.net,+1-320-888-9899x92023,1954-05-04,"24342 Copeland Lake, Port Josephmouth, TN 67476",VERIFIED
usr_39c1dfff61,Brian Larsen,christopher37@example.net,9017677032,1950-08-01,"7167 Brown Turnpike Apt. 843, South Erik, WI 68549",VERIFIED
usr_511f89ecbc,Brian Saunders,scottcurry@example.org,001-853-442-9035,1951-07-19,"218 Shelton Mount Apt. 705, Port Nicholastown, DE 84223",VERIFIED
usr_deec170134,Laura Davis,charlesstafford@example.net,+1-609-492-9356,1983-10-26,"180 Mccall Junctions Suite 675, Mcmahonberg, GU 75883",VERIFIED
usr_3d07252cfc,Sabrina Clark,lhernandez@example.net,454-291-2624x69792,1975-09-20,"17826 Renee Mission Apt. 930, Cooperport, AK 66838",VERIFIED
usr_231c280e9b,Robin Hendricks,cmartinez@example.com,210-534-4878x032,1998-11-27,"2443 Long Coves, Smithfurt, LA 70187",VERIFIED
usr_7992a3f80c,Stephen Wagner,kevin95@example.org,4087943439,1988-05-12,"0399 Maureen Stream, South Shelleyberg, PW 37834",VERIFIED
usr_e1256658ab,Jose Williams,ithomas@example.org,961.906.2681,1967-09-23,"1230 Sarah Way Apt. 249, Judyport, VA 59218",VERIFIED
usr_e6ba6762b6,Kristen Rangel,iclarke@example.org,263-531-5709,1956-05-09,"520 Kimberly Glens Suite 278, Stacyville, WA 94147",VERIFIED
usr_10d9bf99f7,Ashley Vasquez,michael19@example.net,+1-336-389-1140x67432,1995-05-28,"807 Patton Villages Suite 551, Lake Jeffrey, GU 52792",VERIFIED
usr_b555287a63,Joseph Butler,mcguirecurtis@example.org,331-943-7353x214,1969-06-20,"2105 Juarez Groves, South Catherineburgh, MH 09266",VERIFIED
usr_67de875ced,Craig Manning,campbellerika@example.com,(246)677-5781,1992-07-07,"781 Castaneda Corners Suite 401, Jamesberg, CT 51432",VERIFIED
usr_1b5274d284,Andrew Conley,raymondflores@example.net,534-330-4005x8460,1953-11-25,"PSC 5289, Box 4016, APO AA 29929",VERIFIED
usr_5b2e16dce3,Stephen Williams,aford@example.net,(391)777-9054x359,1946-08-18,"2503 Gonzalez Fields, Dylanberg, MT 63791",VERIFIED
usr_f75d002e9e,Mark Rivera,anthony64@example.org,001-435-620-5253x55647,1985-08-10,"PSC 1659, Box 2522, APO AA 59060",VERIFIED
usr_fa67f1ab96,Sarah Morris,cindygarcia@example.org,(840)549-4701x88737,1952-05-21,"5563 Joseph Loaf, Port Melinda, MT 98893",VERIFIED
usr_e78f9789f1,Craig Herman,gsingh@example.net,9692873988,1947-06-29,"03964 Hancock Rue Suite 989, Antoniomouth, UT 73912",VERIFIED
usr_b847f86a40,Christine Davis,pattersonjennifer@example.com,+1-351-250-9597x5802,1975-09-10,"8555 Bond Cliffs, Angelabury, VA 64185",VERIFIED
usr_94530f8972,Brittany May,dmcbride@example.net,355.268.6571x139,1950-11-23,"5617 Ryan Dam Apt. 028, New Andrewmouth, AK 40243",VERIFIED
usr_0200ccb3d7,Alicia Snow,clayshannon@example.com,8055976135,2001-03-14,"61346 Jennifer Curve Suite 882, New Maryburgh, MS 57142",VERIFIED
usr_fac809fb5a,Luke Perkins,madison06@example.net,649.211.1483x893,2006-07-10,"386 Goodman Parkway, Angelatown, WV 53937",VERIFIED
usr_1992d97d05,Nicholas Herrera,sandra07@example.com,001-804-508-3739,1946-12-23,"456 Hunt Road Apt. 973, Meganborough, NV 69181",VERIFIED
usr_a84add1a33,Samuel Moore,bjones@example.org,5694888973,1991-11-05,"262 Baker Turnpike, Wrightside, AS 91611",VERIFIED
usr_d8036ad122,Angela Perez,toddmacdonald@example.com,+1-746-977-7276x895,1977-07-06,"5952 Palmer Green Suite 784, New Sandra, HI 54433",VERIFIED
usr_c2aa3a171a,Jasmine Miller,millsheather@example.net,001-458-829-5615x6461,2001-02-03,"203 Gardner Union, Michaelville, HI 50056",VERIFIED
usr_3fbb821eef,Amanda Perry,victoriafitzgerald@example.org,001-599-433-7527x39644,1961-11-23,"4566 Darren Plains Apt. 601, Portershire, GU 08437",VERIFIED
usr_ff2b2dd1d2,Jennifer Harris,brendatran@example.com,638-976-6480,1955-06-10,"89436 Amber Forge, Morenoview, TN 81281",VERIFIED
usr_65eb4d3d9b,Lisa Coleman,wardgloria@example.net,(436)573-8833x12618,1991-11-12,"03287 Parker Fords Apt. 911, New Jeremy, ME 25636",VERIFIED
usr_bee3c3502d,Ashley Schmitt,tfernandez@example.org,510.225.0834,1961-11-25,"33013 Adam Harbors Apt. 177, Port Jamesberg, GU 05390",VERIFIED
usr_274d8943de,Barbara Roberts,jenniferrobles@example.org,(862)958-8360x814,1992-05-01,"982 Curtis Inlet Apt. 255, Pamelamouth, IA 31315",VERIFIED
usr_9a97285119,Stacy Guzman,rnelson@example.org,959-573-5334,1965-09-29,"0873 Wallace Port, South Michael, OR 41643",VERIFIED
usr_c391f68666,Johnny Stephens,samuelcruz@example.org,848.301.8774x073,1989-04-12,"77753 Perez Flats Suite 739, Baileyside, NE 04077",VERIFIED
usr_94a29319e3,Dana Thompson,ethangarcia@example.net,(911)475-0020x368,1956-09-26,"2259 Kenneth Field, South Brittneyview, OR 51069",VERIFIED
usr_2719589812,Jeffrey Goodwin,aliciaadams@example.net,952-884-0991x29983,2006-04-08,"0644 Janet Mission, Graceview, VI 58602",VERIFIED
usr_78ae06b555,Laura Washington,stephen99@example.org,+1-558-610-6833,1979-09-17,"094 Ford Mountains Apt. 626, Daltonmouth, PA 13512",VERIFIED
usr_6eff7c405d,Laura Perez,omendoza@example.org,473.312.1056,1981-05-12,"7139 Peter Station, Lisafurt, AZ 34075",VERIFIED
usr_779c76f123,Aaron Smith,longrebecca@example.com,(642)793-1047,1971-03-27,"54806 Miller Place Suite 486, Lake Sara, WV 97218",VERIFIED
usr_13056c7805,Kimberly Henry,nicholsscott@example.net,+1-687-771-5433x0729,1946-12-27,"478 Duncan Coves Apt. 675, Valeriehaven, MO 97739",VERIFIED
usr_3d083fa5c8,Brianna Perkins,adamsamanda@example.net,(833)801-4718x2100,1979-09-28,"56599 Brett Pines Apt. 169, New Lauraview, MS 96297",VERIFIED
usr_1981c2e1bf,Vanessa Gonzalez,amandaharris@example.com,237-494-9369,1966-05-23,"929 Hayden Canyon Suite 636, East Angela, GU 62647",VERIFIED
usr_e1072a9c8d,Jennifer Robinson,smithscott@example.org,+1-415-741-9785,1985-05-15,"485 Frederick Burg, Port Lynn, CO 49264",VERIFIED
usr_1b4be5bf14,Tara Stokes,timothy04@example.com,810.384.6038x889,1967-06-12,"USNV Morgan, FPO AA 22946",VERIFIED
usr_e1f4319710,Cheyenne Henry,tuckerrandall@example.org,523.520.4658x89033,1996-02-26,"1772 Sherman Glen, Cooktown, NE 98666",VERIFIED
usr_7744811bee,Taylor Hardy,ryanriddle@example.org,+1-686-517-3393x872,1996-03-12,"223 Scott Forge Suite 220, Lanemouth, PW 57798",VERIFIED
usr_a061d67dff,Alexander Hill,taylorallen@example.com,001-925-926-1968x4538,1988-06-04,"5342 Jose Bridge Apt. 629, Marshmouth, DE 76097",VERIFIED
usr_07a141c1fd,Jason Johnson,tanner63@example.com,(885)330-2808x11650,1981-01-12,"5451 Dunn Crest, Sandrahaven, NY 49895",VERIFIED
usr_8ccbe5ce7a,David Cox,oliverbenjamin@example.com,464-444-9112,1982-07-29,"17255 Lynch Rest Suite 016, Melissaport, VI 18311",VERIFIED
usr_4be8d65061,Christopher Garrett,rkelly@example.com,309-595-8938x922,1971-08-19,"03509 Parker Drive, Nicholasland, MS 73881",VERIFIED
usr_d371b5905d,Joshua Oneill,turnerspencer@example.com,291.567.3717x9744,1975-07-21,"40480 Tara Ports Suite 245, Thompsonburgh, MO 77397",VERIFIED
usr_328c54f1a2,Megan Davis,timothy60@example.net,+1-652-207-8097x786,1987-09-06,"0372 Dean Lane Apt. 192, Kevinside, DC 64118",VERIFIED
usr_bb60cd53a4,Justin Walker,leejasmine@example.org,237.318.6973,1957-02-14,"388 Nicholas Heights, Reevesberg, TN 02955",VERIFIED
usr_4c7105806a,Barbara Juarez,walkercrystal@example.org,(562)240-1037x6579,1954-06-02,"88851 Michael Locks Suite 750, East Jenniferberg, CA 33687",VERIFIED
usr_6d190b5826,Cathy Ferrell,laurenbryant@example.net,+1-288-222-1099x27803,1980-06-04,"5398 Tina Loop, Wilsonberg, OH 69794",VERIFIED
usr_79117b8706,Shane Leach,avasquez@example.org,001-956-721-3319,2001-05-31,"15185 Jimenez Forks, South Linda, GA 95903",VERIFIED
usr_f88f6a4fbd,Erin Smith,rchen@example.net,224.800.0149,2003-05-08,"912 Paul Pike Apt. 735, South Ericland, ID 79329",VERIFIED
usr_aa648189ea,David Harrison,fernando06@example.net,001-415-871-4401x4620,1967-08-24,"PSC 1521, Box 4410, APO AA 00600",VERIFIED
usr_0e55003ec7,Nicholas Miller,lsmith@example.com,6639148356,1967-05-08,"6632 Adam Underpass, Lake Debratown, NV 51334",VERIFIED
usr_e044c05268,Heather Allen,nathantanner@example.net,438.247.0179x71032,1987-03-09,"39403 Harrison Point, West Angelachester, MI 14431",VERIFIED
usr_6fff6280bf,Latoya Johnson,xmontgomery@example.org,(877)796-7071x0812,1968-02-29,"66941 Derrick Brook Apt. 734, East Ronaldborough, LA 95320",VERIFIED
usr_6b7fc464e7,Amy Byrd,oarnold@example.org,278-842-3236,1959-02-20,"28448 Petersen Isle Apt. 545, Lake Jay, ID 55196",VERIFIED
usr_582773bbc5,Beth Young,martindickson@example.org,352.320.1459x769,1971-08-31,"96640 Danielle Ports Apt. 451, Justinmouth, NM 52252",VERIFIED
usr_979ea1b5ed,Marvin Sanchez,kristimiller@example.org,423.631.7751x7206,1979-03-19,"USNS Murillo, FPO AE 45718",VERIFIED
usr_2ce5190a45,Michelle Reed,vadams@example.com,001-595-377-3052x37524,1947-06-07,"8801 Tammy Row Apt. 294, Luishaven, MD 95702",VERIFIED
usr_fcc6ccbc0b,Lauren Brown,tammy54@example.com,518.360.5431x03289,1953-06-21,"USNS Henson, FPO AP 80870",VERIFIED
usr_1d56c361ff,Richard Martinez,victoria28@example.org,(818)916-8917x928,1987-09-25,"679 Riggs Inlet, West Arielchester, WI 43614",VERIFIED
usr_717b036abb,Morgan Murphy,benjaminbarnes@example.net,+1-219-302-9546x79926,1986-06-12,"2847 Tyler Island, New Lisafurt, VA 37202",VERIFIED
usr_eb3879ae5e,David Powell,gina53@example.com,869.261.8250x28899,1985-04-18,"33657 Delgado Fields, Amytown, SC 37800",VERIFIED
usr_8b062ee676,John Lane,rpowers@example.org,634-369-6957x18529,1980-05-31,"2512 Kenneth Villages, South Guy, SD 28293",VERIFIED
usr_087a32a7ce,Cynthia Hendricks,erinrussell@example.com,(863)488-1448x6169,1964-12-16,"42828 Garcia Creek Apt. 407, South Dylan, DC 61682",VERIFIED
usr_b5e4ee9e2c,Margaret Snyder,johnandersen@example.com,313.671.2312x08604,1963-03-10,"1555 Holly Village Apt. 271, New Christinahaven, OK 31014",VERIFIED
usr_2074ea0629,Samantha Watkins,gina07@example.com,950-910-1797,1969-11-29,"5444 Patricia Trail Suite 661, South Kimchester, UT 35413",VERIFIED
usr_804ef8a677,Rachel Phillips,woodtina@example.com,(845)457-8524x134,1947-11-04,"USNV West, FPO AP 11256",VERIFIED
usr_27ea4bbc4f,Scott Rodriguez,miguelcooper@example.net,(590)466-0872,1954-04-11,"7530 Carter Islands Apt. 106, Garciachester, MS 30372",VERIFIED
usr_8011bef17f,Heather Williams,markrogers@example.net,311-888-3981x189,1983-09-05,"2696 Quinn Pike Apt. 732, Erikview, VT 15422",VERIFIED
usr_f13c4cd4bd,Aaron Smith,abbottdavid@example.net,4806854819,1950-04-09,"PSC 3387, Box 5647, APO AA 32465",VERIFIED
usr_56bfdc2bbe,Jason Alvarado,josephwilliams@example.net,442-324-4505x051,1946-04-15,"88844 Keller Villages, Dawnview, CT 24208",VERIFIED
usr_synth_6711a4,Phyllis Oliver,form@disposable.com,(476)982-9900,1946-05-24,"566 Brian Drives Apt. 679, Waltersport, KS 68072",VERIFIED
usr_synth_6710ae,Adam Hughes,institution@disposable.com,(527)287-3895x97832,1968-12-22,"98134 Savage Crest, New Emily, MT 19238",VERIFIED
usr_synth_901697,Mark Houston,camera@disposable.com,7539606547,1959-07-19,"86223 Murray Freeway Apt. 610, Lake Jennifer, HI 95075",VERIFIED
usr_synth_b716fc,William Campbell,specific@disposable.com,+1-490-277-1403x74528,1993-04-01,"78983 Hill Roads Apt. 075, Kimberlyhaven, AZ 85789",VERIFIED
usr_synth_e52983,Cristian Oconnell,she@disposable.com,978-278-1192x29544,1966-01-01,"280 Reynolds Island Apt. 151, Clarketown, NV 39995",VERIFIED
